"","Common_Genes"
"1","A0A068LJH6_PEA"
"2","A0A0F6NG56_PEA"
"3","A0A0F6NGK1_PEA"
"4","A0A0H5BV73_PEA"
"5","A0A2S1CDX8_PEA"
"6","A0A2S1CDX9_PEA"
"7","A0A2S1CE40_PEA"
"8","A0A2S1CEH5_PEA"
"9","A0A386K171_PEA"
"10","A0A8A4HKI2_PEA"
"11","A0A9D4VGC5_PEA"
"12","A0A9D4VGJ8_PEA"
"13","A0A9D4VGK0_PEA"
"14","A0A9D4VGL4_PEA"
"15","A0A9D4VGR2_PEA"
"16","A0A9D4VHQ6_PEA"
"17","A0A9D4VHX6_PEA"
"18","A0A9D4VI29_PEA"
"19","A0A9D4VI35_PEA"
"20","A0A9D4VI99_PEA"
"21","A0A9D4VIA5_PEA"
"22","A0A9D4VIH0_PEA.1"
"23","A0A9D4VIM9_PEA"
"24","A0A9D4VIN7_PEA"
"25","A0A9D4VIV0_PEA"
"26","A0A9D4VIY4_PEA.1"
"27","A0A9D4VJY1_PEA"
"28","A0A9D4VKF8_PEA"
"29","A0A9D4VKP5_PEA"
"30","A0A9D4VKW4_PEA"
"31","A0A9D4VL38_PEA"
"32","A0A9D4VL77_PEA"
"33","A0A9D4VLF1_PEA"
"34","A0A9D4VLJ4_PEA"
"35","A0A9D4VLX9_PEA"
"36","A0A9D4VMA8_PEA"
"37","A0A9D4VME0_PEA"
"38","A0A9D4VME1_PEA"
"39","A0A9D4VMS5_PEA"
"40","A0A9D4VMZ0_PEA"
"41","A0A9D4VN94_PEA"
"42","A0A9D4VNC8_PEA"
"43","A0A9D4VNU4_PEA"
"44","A0A9D4VP29_PEA"
"45","A0A9D4VPJ8_PEA"
"46","A0A9D4VPM9_PEA"
"47","A0A9D4VPS6_PEA"
"48","A0A9D4VPX9_PEA"
"49","A0A9D4VQ33_PEA"
"50","A0A9D4VQ42_PEA"
"51","A0A9D4VQ78_PEA"
"52","A0A9D4VQ91_PEA"
"53","A0A9D4VRA0_PEA"
"54","A0A9D4VRF6_PEA"
"55","A0A9D4VRN2_PEA"
"56","A0A9D4VRR0_PEA"
"57","A0A9D4VS27_PEA"
"58","A0A9D4VS73_PEA"
"59","A0A9D4VSF3_PEA"
"60","A0A9D4VSZ4_PEA"
"61","A0A9D4VT50_PEA"
"62","A0A9D4VT61_PEA"
"63","A0A9D4VT63_PEA"
"64","A0A9D4VTP0_PEA"
"65","A0A9D4VUF5_PEA"
"66","A0A9D4VUW9_PEA"
"67","A0A9D4VVK0_PEA.1"
"68","A0A9D4VVZ1_PEA"
"69","A0A9D4VW11_PEA.1"
"70","A0A9D4VWN0_PEA"
"71","A0A9D4VWV7_PEA"
"72","A0A9D4VX45_PEA"
"73","A0A9D4VX86_PEA"
"74","A0A9D4VXE0_PEA"
"75","A0A9D4VXL7_PEA"
"76","A0A9D4VXP2_PEA"
"77","A0A9D4VXQ2_PEA.1"
"78","A0A9D4VXX8_PEA"
"79","A0A9D4VY63_PEA"
"80","A0A9D4VY79_PEA"
"81","A0A9D4VYA5_PEA"
"82","A0A9D4VYD1_PEA"
"83","A0A9D4VYI6_PEA"
"84","A0A9D4VYJ3_PEA"
"85","A0A9D4VYK7_PEA.1"
"86","A0A9D4VYL0_PEA"
"87","A0A9D4VYL1_PEA"
"88","A0A9D4VYS0_PEA"
"89","A0A9D4VZG3_PEA.1"
"90","A0A9D4W010_PEA"
"91","A0A9D4W0M6_PEA"
"92","A0A9D4W0P3_PEA"
"93","A0A9D4W0X8_PEA"
"94","A0A9D4W116_PEA"
"95","A0A9D4W197_PEA"
"96","A0A9D4W1D4_PEA"
"97","A0A9D4W1W4_PEA"
"98","A0A9D4W1Z9_PEA"
"99","A0A9D4W273_PEA"
"100","A0A9D4W2A0_PEA"
"101","A0A9D4W2K7_PEA"
"102","A0A9D4W2L4_PEA"
"103","A0A9D4W2M3_PEA"
"104","A0A9D4W3A2_PEA"
"105","A0A9D4W3P0_PEA"
"106","A0A9D4W3U6_PEA"
"107","A0A9D4W3W3_PEA"
"108","A0A9D4W400_PEA"
"109","A0A9D4W485_PEA"
"110","A0A9D4W4C2_PEA.1"
"111","A0A9D4W4M8_PEA"
"112","A0A9D4W4T3_PEA"
"113","A0A9D4W4V3_PEA"
"114","A0A9D4W4Z3_PEA"
"115","A0A9D4W514_PEA"
"116","A0A9D4W554_PEA"
"117","A0A9D4W581_PEA"
"118","A0A9D4W584_PEA"
"119","A0A9D4W5B3_PEA"
"120","A0A9D4W5F4_PEA"
"121","A0A9D4W5T8_PEA"
"122","A0A9D4W5V1_PEA"
"123","A0A9D4W5V4_PEA.1"
"124","A0A9D4W5W2_PEA"
"125","A0A9D4W5W9_PEA"
"126","A0A9D4W5Z6_PEA"
"127","A0A9D4W620_PEA"
"128","A0A9D4W6J2_PEA"
"129","A0A9D4W6K4_PEA"
"130","A0A9D4W7A5_PEA"
"131","A0A9D4W7D2_PEA"
"132","A0A9D4W7K9_PEA"
"133","A0A9D4W7V0_PEA"
"134","A0A9D4W7Y8_PEA"
"135","A0A9D4W8E7_PEA"
"136","A0A9D4W8E9_PEA"
"137","A0A9D4W8F3_PEA"
"138","A0A9D4W8I7_PEA"
"139","A0A9D4W913_PEA"
"140","A0A9D4W9C9_PEA"
"141","A0A9D4W9P4_PEA"
"142","A0A9D4W9Q3_PEA"
"143","A0A9D4W9W8_PEA"
"144","A0A9D4W9W9_PEA"
"145","A0A9D4WAK1_PEA"
"146","A0A9D4WAK2_PEA"
"147","A0A9D4WAM4_PEA"
"148","A0A9D4WAS3_PEA"
"149","A0A9D4WB05_PEA"
"150","A0A9D4WB21_PEA"
"151","A0A9D4WBI7_PEA"
"152","A0A9D4WBS9_PEA"
"153","A0A9D4WC46_PEA"
"154","A0A9D4WCC3_PEA"
"155","A0A9D4WCN6_PEA"
"156","A0A9D4WCW2_PEA"
"157","A0A9D4WD46_PEA"
"158","A0A9D4WD63_PEA"
"159","A0A9D4WDI8_PEA.1"
"160","A0A9D4WDL6_PEA"
"161","A0A9D4WE43_PEA"
"162","A0A9D4WFL9_PEA"
"163","A0A9D4WFN0_PEA"
"164","A0A9D4WG49_PEA"
"165","A0A9D4WG64_PEA"
"166","A0A9D4WGS9_PEA"
"167","A0A9D4WGT4_PEA"
"168","A0A9D4WGV9_PEA"
"169","A0A9D4WGW0_PEA"
"170","A0A9D4WGZ5_PEA"
"171","A0A9D4WH17_PEA"
"172","A0A9D4WH69_PEA"
"173","A0A9D4WHI9_PEA"
"174","A0A9D4WHK6_PEA"
"175","A0A9D4WIE7_PEA.1"
"176","A0A9D4WIH8_PEA"
"177","A0A9D4WII4_PEA"
"178","A0A9D4WIJ2_PEA"
"179","A0A9D4WIM2_PEA"
"180","A0A9D4WIQ7_PEA"
"181","A0A9D4WIR2_PEA"
"182","A0A9D4WIS6_PEA"
"183","A0A9D4WJ99_PEA"
"184","A0A9D4WJN2_PEA"
"185","A0A9D4WJT7_PEA"
"186","A0A9D4WK21_PEA"
"187","A0A9D4WKE3_PEA"
"188","A0A9D4WKW0_PEA"
"189","A0A9D4WLE5_PEA"
"190","A0A9D4WLM4_PEA"
"191","A0A9D4WLU4_PEA"
"192","A0A9D4WMA3_PEA"
"193","A0A9D4WML1_PEA"
"194","A0A9D4WML3_PEA"
"195","A0A9D4WML5_PEA"
"196","A0A9D4WMP7_PEA"
"197","A0A9D4WMR8_PEA"
"198","A0A9D4WMS0_PEA"
"199","A0A9D4WMV6_PEA"
"200","A0A9D4WNE2_PEA"
"201","A0A9D4WNI5_PEA"
"202","A0A9D4WP68_PEA"
"203","A0A9D4WPI8_PEA"
"204","A0A9D4WQH7_PEA"
"205","A0A9D4WQT0_PEA.1"
"206","A0A9D4WQX9_PEA"
"207","A0A9D4WR59_PEA"
"208","A0A9D4WRB2_PEA"
"209","A0A9D4WRE5_PEA"
"210","A0A9D4WRH4_PEA"
"211","A0A9D4WRP5_PEA"
"212","A0A9D4WS67_PEA"
"213","A0A9D4WSE0_PEA"
"214","A0A9D4WSG7_PEA"
"215","A0A9D4WTE8_PEA"
"216","A0A9D4WTK9_PEA"
"217","A0A9D4WTN7_PEA"
"218","A0A9D4WTU4_PEA"
"219","A0A9D4WTV4_PEA"
"220","A0A9D4WU13_PEA"
"221","A0A9D4WU58_PEA"
"222","A0A9D4WUG1_PEA"
"223","A0A9D4WV44_PEA"
"224","A0A9D4WV85_PEA"
"225","A0A9D4WVU6_PEA"
"226","A0A9D4WVX5_PEA"
"227","A0A9D4WW96_PEA"
"228","A0A9D4WWA2_PEA"
"229","A0A9D4WWC0_PEA"
"230","A0A9D4WX16_PEA.1"
"231","A0A9D4WYE7_PEA"
"232","A0A9D4WYJ1_PEA"
"233","A0A9D4WYM7_PEA"
"234","A0A9D4WZE0_PEA"
"235","A0A9D4WZK5_PEA"
"236","A0A9D4WZQ1_PEA.1"
"237","A0A9D4X117_PEA"
"238","A0A9D4X1F1_PEA"
"239","A0A9D4X1U1_PEA"
"240","A0A9D4X2J8_PEA"
"241","A0A9D4X341_PEA"
"242","A0A9D4X372_PEA"
"243","A0A9D4X3A9_PEA"
"244","A0A9D4X3D1_PEA"
"245","A0A9D4X3L3_PEA"
"246","A0A9D4X3V5_PEA"
"247","A0A9D4X3Y5_PEA"
"248","A0A9D4X406_PEA"
"249","A0A9D4X4F8_PEA"
"250","A0A9D4X4K3_PEA"
"251","A0A9D4X4P7_PEA"
"252","A0A9D4X4R1_PEA"
"253","A0A9D4X4R9_PEA"
"254","A0A9D4X4S2_PEA"
"255","A0A9D4X4U4_PEA"
"256","A0A9D4X4Z6_PEA"
"257","A0A9D4X537_PEA"
"258","A0A9D4X547_PEA"
"259","A0A9D4X561_PEA"
"260","A0A9D4X564_PEA"
"261","A0A9D4X5A9_PEA"
"262","A0A9D4X5C4_PEA"
"263","A0A9D4X5P5_PEA"
"264","A0A9D4X5T2_PEA"
"265","A0A9D4X5V0_PEA"
"266","A0A9D4X613_PEA"
"267","A0A9D4X670_PEA"
"268","A0A9D4X6F2_PEA"
"269","A0A9D4X6G2_PEA"
"270","A0A9D4X6Y8_PEA"
"271","A0A9D4X711_PEA"
"272","A0A9D4X730_PEA"
"273","A0A9D4X7B4_PEA"
"274","A0A9D4X7C6_PEA"
"275","A0A9D4X7D0_PEA"
"276","A0A9D4X7K7_PEA"
"277","A0A9D4X7S7_PEA"
"278","A0A9D4X7V9_PEA"
"279","A0A9D4X836_PEA"
"280","A0A9D4X888_PEA"
"281","A0A9D4X8A3_PEA"
"282","A0A9D4X8H0_PEA"
"283","A0A9D4X8S0_PEA"
"284","A0A9D4X8V8_PEA"
"285","A0A9D4X941_PEA"
"286","A0A9D4X9B6_PEA"
"287","A0A9D4X9J8_PEA"
"288","A0A9D4XA28_PEA"
"289","A0A9D4XAT3_PEA"
"290","A0A9D4XBG2_PEA"
"291","A0A9D4XC21_PEA"
"292","A0A9D4XC55_PEA"
"293","A0A9D4XC80_PEA.1"
"294","A0A9D4XCQ5_PEA"
"295","A0A9D4XDE3_PEA"
"296","A0A9D4XDQ7_PEA"
"297","A0A9D4XDT3_PEA"
"298","A0A9D4XDW3_PEA"
"299","A0A9D4XE19_PEA"
"300","A0A9D4XED1_PEA"
"301","A0A9D4XEF8_PEA"
"302","A0A9D4XEX7_PEA"
"303","A0A9D4XF67_PEA"
"304","A0A9D4XFA7_PEA"
"305","A0A9D4XFZ5_PEA"
"306","A0A9D4XGK5_PEA"
"307","A0A9D4XGP5_PEA"
"308","A0A9D4XGW0_PEA"
"309","A0A9D4XHM3_PEA"
"310","A0A9D4XHV1_PEA"
"311","A0A9D4XI00_PEA"
"312","A0A9D4XIC9_PEA"
"313","A0A9D4XIP4_PEA"
"314","A0A9D4XJF3_PEA"
"315","A0A9D4XKM5_PEA"
"316","A0A9D4XL76_PEA"
"317","A0A9D4XLE5_PEA"
"318","A0A9D4XLG9_PEA"
"319","A0A9D4XLW6_PEA"
"320","A0A9D4XM73_PEA"
"321","A0A9D4XMM3_PEA"
"322","A0A9D4XMS5_PEA"
"323","A0A9D4XMS7_PEA"
"324","A0A9D4XNP3_PEA"
"325","A0A9D4XNY0_PEA"
"326","A0A9D4XP22_PEA"
"327","A0A9D4XP95_PEA"
"328","A0A9D4XP98_PEA"
"329","A0A9D4XPH4_PEA"
"330","A0A9D4XPJ6_PEA"
"331","A0A9D4XQJ6_PEA"
"332","A0A9D4XQV9_PEA"
"333","A0A9D4XR13_PEA"
"334","A0A9D4XR82_PEA"
"335","A0A9D4XRJ6_PEA"
"336","A0A9D4XRM0_PEA"
"337","A0A9D4XRP6_PEA.1"
"338","A0A9D4XRT1_PEA"
"339","A0A9D4XRZ0_PEA"
"340","A0A9D4XS74_PEA"
"341","A0A9D4XSI2_PEA"
"342","A0A9D4XT07_PEA"
"343","A0A9D4XT29_PEA"
"344","A0A9D4XTD5_PEA"
"345","A0A9D4XTF6_PEA"
"346","A0A9D4XU02_PEA"
"347","A0A9D4XU03_PEA"
"348","A0A9D4XUP7_PEA"
"349","A0A9D4XUS4_PEA"
"350","A0A9D4XUU8_PEA"
"351","A0A9D4XV45_PEA"
"352","A0A9D4XV48_PEA"
"353","A0A9D4XVI9_PEA"
"354","A0A9D4XVL9_PEA"
"355","A0A9D4XVS8_PEA"
"356","A0A9D4XWH1_PEA"
"357","A0A9D4XWV6_PEA"
"358","A0A9D4XX74_PEA"
"359","A0A9D4XX99_PEA"
"360","A0A9D4XXF5_PEA"
"361","A0A9D4XXR1_PEA"
"362","A0A9D4XYD4_PEA"
"363","A0A9D4XYK5_PEA"
"364","A0A9D4XYY7_PEA"
"365","A0A9D4XZ13_PEA"
"366","A0A9D4XZP3_PEA"
"367","A0A9D4XZR1_PEA"
"368","A0A9D4XZV6_PEA"
"369","A0A9D4Y020_PEA"
"370","A0A9D4Y040_PEA"
"371","A0A9D4Y0P5_PEA"
"372","A0A9D4Y1D3_PEA"
"373","A0A9D4Y1L4_PEA"
"374","A0A9D4Y2A1_PEA"
"375","A0A9D4Y2A5_PEA"
"376","A0A9D4Y2G2_PEA"
"377","A0A9D4Y356_PEA"
"378","A0A9D4Y389_PEA"
"379","A0A9D4Y404_PEA"
"380","A0A9D4Y4B2_PEA"
"381","A0A9D4Y4C6_PEA"
"382","A0A9D4Y4D3_PEA"
"383","A0A9D4Y4F0_PEA"
"384","A0A9D4Y4G6_PEA"
"385","A0A9D4Y4L1_PEA"
"386","A0A9D4Y4M1_PEA"
"387","A0A9D4Y4M4_PEA"
"388","A0A9D4Y522_PEA"
"389","A0A9D4Y596_PEA"
"390","A0A9D4Y5D1_PEA"
"391","A0A9D4Y5X5_PEA"
"392","A0A9D4Y626_PEA"
"393","A0A9D4Y642_PEA"
"394","A0A9D4Y6B7_PEA"
"395","A0A9D4Y6J4_PEA"
"396","A0A9D4Y6M9_PEA"
"397","A0A9D4Y6P6_PEA"
"398","A0A9D4Y753_PEA"
"399","A0A9D4Y793_PEA"
"400","A0A9D4Y7C8_PEA"
"401","A0A9D4Y8H8_PEA"
"402","A0A9D4Y9B3_PEA"
"403","A0A9D4YAH4_PEA"
"404","A0A9D4YB87_PEA"
"405","A0A9D4YBV6_PEA"
"406","A0A9D4YBY6_PEA"
"407","A0A9D4YCD8_PEA"
"408","A0A9D4YCE0_PEA"
"409","A0A9D4YCG9_PEA"
"410","A0A9D4YCN1_PEA"
"411","A0A9D4YD50_PEA"
"412","A0A9D4YD78_PEA"
"413","A0A9D4YDP5_PEA"
"414","A0A9D4YDW2_PEA"
"415","A0A9D4YDX6_PEA"
"416","A0A9D4YEE2_PEA"
"417","A0A9D4YEP2_PEA"
"418","A0A9D4YFF3_PEA"
"419","A0A9D4YFN9_PEA"
"420","A0A9D4YFP0_PEA"
"421","A0A9D4YFR8_PEA"
"422","A0A9D4YFX7_PEA"
"423","A0A9D4YG77_PEA"
"424","A0A9D4YGP0_PEA"
"425","A0A9D4YGV9_PEA"
"426","A0A9D4YH57_PEA"
"427","A0A9D4YI27_PEA"
"428","A0A9D4YIL1_PEA"
"429","A0A9D4YIM5_PEA"
"430","A0A9D4YIW7_PEA"
"431","A0A9D4YJ53_PEA"
"432","A0A9D4YJF2_PEA"
"433","A0A9D4YJR3_PEA"
"434","A0A9D4YKP8_PEA"
"435","A0A9D4YKW0_PEA"
"436","A0A9D4YKZ0_PEA"
"437","A0A9D4YL13_PEA"
"438","A0A9D4YLD1_PEA"
"439","A0A9D4YM29_PEA"
"440","A0A9D4YM88_PEA"
"441","A0A9D4YMC1_PEA"
"442","A0A9D4YMD1_PEA"
"443","A0A9D4YMG3_PEA"
"444","A0A9D4YMK6_PEA"
"445","A0A9D4YMQ1_PEA"
"446","A0A9D4YMQ2_PEA"
"447","A0A9D4YMT2_PEA"
"448","A0A9D4YN34_PEA"
"449","A0A9D4YNH0_PEA"
"450","A0A9D4YP09_PEA"
"451","A0A9D4YPF3_PEA"
"452","A0A9D4YQ55_PEA"
"453","A0A9D4ZSE2_PEA"
"454","A0A9D4ZSV2_PEA"
"455","A0A9D4ZTD7_PEA"
"456","A0A9D4ZTU3_PEA"
"457","A0A9D4ZTV3_PEA"
"458","A0A9D4ZTY5_PEA"
"459","A0A9D4ZU54_PEA"
"460","A0A9D4ZUA9_PEA"
"461","A0A9D4ZUE2_PEA"
"462","A0A9D4ZUH9_PEA"
"463","A0A9D4ZV49_PEA"
"464","A0A9D4ZVL3_PEA.1"
"465","A0A9D4ZVN5_PEA"
"466","A0A9D4ZVZ0_PEA"
"467","A0A9D4ZW21_PEA"
"468","A0A9D4ZW25_PEA"
"469","A0A9D4ZW27_PEA"
"470","A0A9D4ZW94_PEA"
"471","A0A9D4ZWC9_PEA"
"472","A0A9D4ZWD0_PEA"
"473","A0A9D4ZWD6_PEA"
"474","A0A9D4ZWF0_PEA"
"475","A0A9D4ZWG0_PEA"
"476","A0A9D4ZWI0_PEA"
"477","A0A9D4ZWU4_PEA"
"478","A0A9D4ZWV8_PEA"
"479","A0A9D4ZX40_PEA"
"480","A0A9D4ZX73_PEA"
"481","A0A9D4ZX84_PEA"
"482","A0A9D4ZXB5_PEA"
"483","A0A9D4ZXE9_PEA"
"484","A0A9D4ZXQ3_PEA"
"485","A0A9D4ZXV3_PEA"
"486","A0A9D4ZXX3_PEA"
"487","A0A9D4ZYB6_PEA"
"488","A0A9D4ZZ03_PEA"
"489","A0A9D4ZZ32_PEA"
"490","A0A9D4ZZQ2_PEA"
"491","A0A9D4ZZX2_PEA"
"492","A0A9D4ZZY9_PEA"
"493","A0A9D5A064_PEA"
"494","A0A9D5A0A1_PEA"
"495","A0A9D5A0Y7_PEA"
"496","A0A9D5A1A3_PEA"
"497","A0A9D5A1F7_PEA"
"498","A0A9D5A1K9_PEA"
"499","A0A9D5A1N9_PEA"
"500","A0A9D5A242_PEA"
"501","A0A9D5A2K4_PEA"
"502","A0A9D5A2S0_PEA"
"503","A0A9D5A2S6_PEA"
"504","A0A9D5A387_PEA"
"505","A0A9D5A3F5_PEA"
"506","A0A9D5A3R4_PEA"
"507","A0A9D5A4I8_PEA"
"508","A0A9D5A4W0_PEA"
"509","A0A9D5A5X3_PEA"
"510","A0A9D5A6G5_PEA"
"511","A0A9D5A732_PEA"
"512","A0A9D5A7U2_PEA"
"513","A0A9D5A811_PEA"
"514","A0A9D5A842_PEA"
"515","A0A9D5A848_PEA"
"516","A0A9D5A853_PEA"
"517","A0A9D5A871_PEA"
"518","A0A9D5A8C7_PEA"
"519","A0A9D5A8G9_PEA"
"520","A0A9D5A8L5_PEA"
"521","A0A9D5A8L6_PEA"
"522","A0A9D5A8N7_PEA"
"523","A0A9D5A9G8_PEA"
"524","A0A9D5A9J8_PEA"
"525","A0A9D5A9M6_PEA"
"526","A0A9D5A9P5_PEA"
"527","A0A9D5AA84_PEA"
"528","A0A9D5AAH0_PEA"
"529","A0A9D5AAL1_PEA.1"
"530","A0A9D5AAT4_PEA"
"531","A0A9D5AAX8_PEA"
"532","A0A9D5AB98_PEA"
"533","A0A9D5ABT5_PEA"
"534","A0A9D5ABV1_PEA"
"535","A0A9D5AC37_PEA"
"536","A0A9D5ACA2_PEA"
"537","A0A9D5ACK3_PEA"
"538","A0A9D5ACW5_PEA"
"539","A0A9D5AD54_PEA"
"540","A0A9D5AD69_PEA"
"541","A0A9D5ADY9_PEA"
"542","A0A9D5AE16_PEA"
"543","A0A9D5AEA2_PEA"
"544","A0A9D5AED5_PEA"
"545","A0A9D5AEK5_PEA"
"546","A0A9D5AEM3_PEA"
"547","A0A9D5AFE4_PEA"
"548","A0A9D5AFJ4_PEA"
"549","A0A9D5AG23_PEA"
"550","A0A9D5AG87_PEA"
"551","A0A9D5AGB5_PEA"
"552","A0A9D5AGK7_PEA"
"553","A0A9D5AGU5_PEA"
"554","A0A9D5AGZ2_PEA"
"555","A0A9D5AH04_PEA"
"556","A0A9D5AH16_PEA"
"557","A0A9D5AH55_PEA"
"558","A0A9D5AH86_PEA"
"559","A0A9D5AHM6_PEA"
"560","A0A9D5AIJ7_PEA"
"561","A0A9D5AJ07_PEA"
"562","A0A9D5AJ24_PEA"
"563","A0A9D5AJ56_PEA"
"564","A0A9D5AJ70_PEA"
"565","A0A9D5AJA0_PEA"
"566","A0A9D5AJF5_PEA"
"567","A0A9D5AJW1_PEA"
"568","A0A9D5AK16_PEA"
"569","A0A9D5AKH9_PEA"
"570","A0A9D5AKX5_PEA"
"571","A0A9D5AL51_PEA"
"572","A0A9D5AL72_PEA"
"573","A0A9D5ALA9_PEA"
"574","A0A9D5ALL2_PEA"
"575","A0A9D5AM03_PEA.1"
"576","A0A9D5AP59_PEA"
"577","A0A9D5AP60_PEA"
"578","A0A9D5APA5_PEA"
"579","A0A9D5APA9_PEA"
"580","A0A9D5AQ07_PEA"
"581","A0A9D5AQ68_PEA"
"582","A0A9D5AQ75_PEA"
"583","A0A9D5AQ83_PEA.1"
"584","A0A9D5AR30_PEA"
"585","A0A9D5ARC7_PEA"
"586","A0A9D5ARF5_PEA"
"587","A0A9D5ARK8_PEA"
"588","A0A9D5ARR7_PEA"
"589","A0A9D5AS18_PEA"
"590","A0A9D5AS49_PEA"
"591","A0A9D5AS74_PEA"
"592","A0A9D5ASI6_PEA"
"593","A0A9D5ASL8_PEA"
"594","A0A9D5AT22_PEA"
"595","A0A9D5ATB4_PEA"
"596","A0A9D5ATP4_PEA"
"597","A0A9D5AU05_PEA"
"598","A0A9D5AU34_PEA"
"599","A0A9D5AUJ3_PEA"
"600","A0A9D5AVA2_PEA"
"601","A0A9D5AVA3_PEA"
"602","A0A9D5AVK0_PEA"
"603","A0A9D5AVR1_PEA"
"604","A0A9D5AWB0_PEA"
"605","A0A9D5AWI5_PEA"
"606","A0A9D5AX33_PEA"
"607","A0A9D5AXA6_PEA"
"608","A0A9D5AY48_PEA"
"609","A0A9D5AYH3_PEA"
"610","A0A9D5AYP6_PEA"
"611","A0A9D5AYQ2_PEA"
"612","A0A9D5AYV7_PEA"
"613","A0A9D5AYX4_PEA"
"614","A0A9D5AYY9_PEA"
"615","A0A9D5AZ06_PEA"
"616","A0A9D5AZA6_PEA"
"617","A0A9D5AZM9_PEA"
"618","A0A9D5B016_PEA"
"619","A0A9D5B032_PEA"
"620","A0A9D5B0D3_PEA"
"621","A0A9D5B1F9_PEA"
"622","A0A9D5B215_PEA"
"623","A0A9D5B2F3_PEA"
"624","A0A9D5B2S5_PEA"
"625","A0A9D5B326_PEA"
"626","A0A9D5B370_PEA"
"627","A0A9D5B3P8_PEA"
"628","A0A9D5B429_PEA"
"629","A0A9D5B4A8_PEA"
"630","A0A9D5B4K5_PEA"
"631","A0A9D5B4S1_PEA"
"632","A0A9D5B4U5_PEA"
"633","A0A9D5B5R8_PEA"
"634","A0A9D5B6S2_PEA"
"635","A0A9D5B6T3_PEA"
"636","A0A9D5B6U6_PEA"
"637","A0A9D5B710_PEA"
"638","A0A9D5B751_PEA"
"639","A0A9D5B7A1_PEA"
"640","A0A9D5B7A5_PEA"
"641","A0A9D5B7N6_PEA"
"642","A0A9D5B7Z0_PEA"
"643","A0A9D5B8M1_PEA"
"644","A0A9D5B8N4_PEA"
"645","A0A9D5B8X4_PEA.1"
"646","A0A9D5B8Z7_PEA"
"647","A0A9D5B915_PEA.1"
"648","A0A9D5BA02_PEA"
"649","A0A9D5BA17_PEA"
"650","A0A9D5BAB3_PEA"
"651","A0A9D5BB42_PEA"
"652","A0A9D5BBP3_PEA"
"653","A0A9D5BBV2_PEA"
"654","A0A9D5BCQ5_PEA"
"655","A0A9D5BD02_PEA"
"656","A0A9D5BDL3_PEA"
"657","A0A9D5BE63_PEA"
"658","A0A9D5BE76_PEA"
"659","A0A9D5BE87_PEA.2"
"660","A0A9D5BEP1_PEA"
"661","A0A9D5BFD0_PEA"
"662","A0A9D5BFM0_PEA"
"663","A0A9D5BFX4_PEA"
"664","A0A9D5BG57_PEA"
"665","A0A9D5BGD5_PEA"
"666","A0A9D5BGG5_PEA"
"667","A0A9D5BHA8_PEA"
"668","A0A9D5BHB3_PEA"
"669","A0A9D5BHI9_PEA"
"670","A0A9D5BHW9_PEA"
"671","A0A9D5BIH1_PEA"
"672","A0A9D5BIH9_PEA"
"673","A0A9D5BIU3_PEA"
"674","A0A9D5BJI1_PEA"
"675","A0A9D5BK77_PEA"
"676","A0A9D5BKE5_PEA.1"
"677","A0A9D5BL71_PEA"
"678","A0A9D5BLA5_PEA"
"679","A0A9D5BLB3_PEA"
"680","A0A9D5BMJ8_PEA"
"681","A0A9D5BMW3_PEA"
"682","A0A9D5BN88_PEA"
"683","A0A9D5BN94_PEA"
"684","A0A9D5BNG3_PEA"
"685","A0A9D5BNI4_PEA"
"686","A0A9D5BNL5_PEA"
"687","A0A9D5BNP8_PEA"
"688","A0A9D5BNQ5_PEA"
"689","A0A9D5BNZ0_PEA"
"690","A0A9D5BP02_PEA"
"691","A0A9D5BPZ8_PEA"
"692","A0A9D5BQ33_PEA"
"693","A0A9D5BQH9_PEA"
"694","A0A9D5BQX5_PEA"
"695","A0A9D5BR69_PEA"
"696","A0A9D5BR95_PEA"
"697","A0A9D5BRH1_PEA"
"698","A0A9D5BRU4_PEA.1"
"699","A0A9D5BRY6_PEA"
"700","A0A9D5BS48_PEA"
"701","A0A9D5GUM0_PEA"
"702","A0A9D5GUQ9_PEA"
"703","A0A9D5GV04_PEA"
"704","A0A9D5GWC2_PEA"
"705","A0A9D5GWX8_PEA"
"706","A0A9D5GXB0_PEA"
"707","A0A9D5GXI1_PEA"
"708","A0A9D5GY82_PEA"
"709","A0A9D5GZ82_PEA"
"710","A0A9D5GZT5_PEA"
"711","A0A9D5GZZ9_PEA"
"712","A0A9D5GZZ9_PEA.1"
"713","A0A9D5H0I7_PEA"
"714","A0A9D5H0J0_PEA"
"715","A0A9D5H0P5_PEA"
"716","A0A9D5H0W8_PEA"
"717","A0A9D5H0Y0_PEA"
"718","A0A9D5H130_PEA"
"719","A0A9D5H172_PEA"
"720","A0A9D5H182_PEA"
"721","A0A9D5H1C9_PEA"
"722","AADH1_PEA"
"723","AADH2_PEA"
"724","C97B1_PEA"
"725","CB24_PEA"
"726","CYF_PEA"
"727","CYSP_PEA"
"728","FENR2_PEA"
"729","FYPP_PEA"
"730","GALE1_PEA"
"731","GLNA3_PEA.1"
"732","GPA1_PEA"
"733","GSHRC_PEA"
"734","HEM2_PEA"
"735","HSP7M_PEA"
"736","ILV5_PEA"
"737","KDSA_PEA"
"738","NDK1_PEA"
"739","NLTP3_PEA"
"740","OEP24_PEA"
"741","PETD_PEA"
"742","PLSB_PEA"
"743","PSAC_PEA"
"744","PYRB1_PEA"
"745","Q0KKQ3_PEA"
"746","Q41027_PEA"
"747","Q43816_PEA"
"748","Q6UEJ2_PEA"
"749","Q8H1A3_PEA"
"750","Q9SWS9_PEA"
"751","RL34_PEA"
"752","RPOA_PEA"
"753","RR17_PEA"
"754","RR19_PEA"
"755","RR7_PEA"
"756","SPDS2_PEA"
"757","TBB3_PEA"
"758","TIC32_PEA"
"759","TOC34_PEA"
"760","TOC64_PEA"
"761","UT204_PEA"
